"id","centre","radius","cell_type","surface_id"
1852,"{""x"":-2.9587067268716303,""y"":43.280294444413954}",0,"Dynamic",83
1853,"{""x"":-2.9587067268716307,""y"":43.28074410521691}",0,"Dynamic",83
1854,"{""x"":-2.958089068218098,""y"":43.280294442752336}",0,"Dynamic",83
1855,"{""x"":-2.9587067268716307,""y"":43.279844783611}",0,"Dynamic",83
1856,"{""x"":-2.959324385525163,""y"":43.280294442752336}",0,"Dynamic",83
